Date;Y;X1;X2;X3;X4;X5;X6
2018-08-17 16:20:00+00:00;1718.923767;27.6925891;47.9630251;76.7991044;1755.54099;40.8684777;0.715412505
2018-08-17 16:30:00+00:00;1721.000758;27.61046911;48.01650756;76.70347289;1753.029844;40.77083333;-0.27198658
2018-08-17 16:40:00+00:00;1720.742258;27.51574967;48.11706978;76.57719289;1751.392011;40.65972222;1.127726019
2018-08-17 16:50:00+00:00;1736.691025;27.305327;48.33750967;76.36720333;1749.349267;40.625;0.724146383
2018-08-17 17:00:00+00:00;1720.978474;27.20708878;48.34461422;76.31305889;1761.339944;40.61832889;-0.163541892
2018-08-17 17:10:00+00:00;1719.472242;27.1277693;48.3032084;76.2974794;1751.92836;40.4750057;-0.881140752
2018-08-17 17:20:00+00:00;1722.736268;27.03037378;48.14237056;76.29529389;1749.080244;40.27083333;-0.621439929
2018-08-17 17:30:00+00:00;1717.741411;26.9439208;47.9753434;76.2436714;1752.74148;40.09375;1.131829438
2018-08-17 17:40:00+00:00;1728.867542;26.81317333;47.99730622;76.16231322;1754.130111;39.99971667;0.785807317
2018-08-17 17:50:00+00:00;1715.22485;26.711466;42.57870511;67.65114356;1755.109856;35.40276256;0.266215909
2018-08-17 18:00:00+00:00;1722.256475;26.6276142;47.7200762;76.1427357;1754.79437;39.6962555;-0.632152626
2018-08-17 18:10:00+00:00;1714.931126;26.5137944;47.5214792;76.1145235;1751.69029;39.55625;0.845218808
2018-08-17 18:20:00+00:00;1719.47195;26.4090576;47.4242869;76.0643199;1751.94453;39.4375;-0.460933363
2018-08-17 18:30:00+00:00;1717.13593;26.3173699;47.331904;75.9626416;1755.80851;39.31875;0.121816465
2018-08-17 18:40:00+00:00;1723.109985;26.2550937;47.2976893;75.893333;1754.33206;39.19375;-1.139932841
2018-08-17 18:50:00+00:00;1721.71176;26.2341125;47.1271895;75.9219708;1754.36064;39.0344925;-0.531569759
2018-08-17 19:00:00+00:00;1715.55152;26.1593358;47.034083;75.9111183;1754.68847;38.9321359;0.056126354
2018-08-17 19:10:00+00:00;1712.57969;26.0898098;47.0059131;75.7635095;1750.28748;38.86875;-0.102732826
2018-08-17 19:20:00+00:00;1711.824305;26.0683424;47.0170153;75.663181;1752.56856;38.775;0.326626107
2018-08-17 19:30:00+00:00;1718.871961;25.96785467;41.793179;67.19849;1757.5977;34.42902711;-0.972330629
2018-08-17 19:40:00+00:00;1720.54505;25.88987611;41.78070833;67.15013389;1760.873089;34.43654589;0.001987006
2018-08-17 19:50:00+00:00;1722.108611;25.82978422;41.73728022;67.13217467;1754.3851;34.370196;0.958574893
2018-08-17 20:00:00+00:00;1717.060045;25.7334221;46.8435788;75.4971687;1754.26576;38.6;-0.114919668
2018-08-17 20:10:00+00:00;1719.01675;25.6385283;46.8717208;75.4492393;1754.52903;38.5625;-0.644314847
2018-08-17 20:20:00+00:00;1720.158556;25.54258289;41.628127;67.00631489;1754.709633;34.26388889;-0.280715453
2018-08-17 20:30:00+00:00;1720.63662;25.4652749;46.7839322;75.3327517;1756.37065;38.4708209;0.615998706
2018-08-17 20:40:00+00:00;1721.667485;25.4235391;46.8580754;75.276138;1754.28528;38.4439266;-0.446414536
2018-08-17 20:50:00+00:00;1727.322535;25.3928668;46.9125714;75.2307332;1751.98528;38.3749914;-0.19109234
2018-08-17 21:00:00+00:00;1713.829945;25.384231;46.9505882;75.1741297;1753.78594;38.3625;0.291993279
2018-08-17 21:10:00+00:00;1719.462933;25.43616811;41.57091833;66.75417444;1755.8525;34.04155567;-0.379633626
2018-08-17 21:20:00+00:00;1715.825775;25.3318996;46.6729077;75.0566644;1754.9123;38.250011;-0.087655806
2018-08-17 21:30:00+00:00;1715.584494;25.27850289;41.44778256;66.68906622;1753.028522;33.93066056;-0.348401679
2018-08-17 21:40:00+00:00;1722.582575;25.2257131;46.6371269;75.0025901;1753.96168;38.1;1.103719987
2018-08-17 21:50:00+00:00;1717.431595;25.1644071;46.699982;74.9684739;1753.90053;38.0939732;0.500150193
2018-08-17 22:00:00+00:00;1716.684815;25.1560185;46.7895987;74.9440071;1753.67373;38.0625;-0.348865548
2018-08-17 22:10:00+00:00;1716.459875;25.1553346;46.857451;74.9118721;1754.18585;38.0762699;-0.363215251
2018-08-17 22:20:00+00:00;1720.13415;25.1396465;47.0198792;74.8625995;1751.98742;38.1625;-0.012822656
2018-08-17 22:30:00+00:00;1716.842565;25.1104117;47.1663853;74.8199838;1751.65304;38.1562648;-0.869784101
2018-08-17 22:40:00+00:00;1706.70311;25.0501919;47.5076894;74.7575196;1749.01415;38.1875;-0.042985729
2018-08-17 22:50:00+00:00;1638.460705;25.0593967;48.0188631;74.4440556;1732.82124;38.1924294;-0.202028927
2018-08-17 23:00:00+00:00;1657.41804;25.1415032;48.3016331;74.5294313;1731.78323;38.2124893;-2.068879403
2018-08-17 23:10:00+00:00;1425.277418;25.1027472;48.4574297;73.8603745;1650.03922;38.2875;0.043752964
2018-08-17 23:20:00+00:00;1293.460975;25.0896848;48.3711701;72.8330684;1614.88091;38.2376583;0.12833141
2018-08-17 23:30:00+00:00;1441.50432;25.131186;48.499787;72.9540306;1663.64968;38.030392;-0.498335302
2018-08-17 23:40:00+00:00;1636.419565;25.121211;48.7366144;73.6907674;1725.02261;37.9303976;0.006020797
2018-08-17 23:50:00+00:00;1718.010922;25.13148056;43.35515989;66.21999167;1733.245167;33.74465667;-0.104143773
2018-08-18 00:00:00+00:00;1702.18906;25.1535262;48.840032;74.7729615;1737.47831;38.08125;-1.04720705
2018-08-18 00:10:00+00:00;1701.616572;25.17030022;43.53125489;66.58210711;1752.216733;33.94444444;0.926003822
2018-08-18 00:20:00+00:00;1690.965505;25.2397943;49.1084243;74.9901998;1753.05637;38.2811153;-1.082422592
2018-08-18 00:30:00+00:00;1510.41415;25.2715503;49.2377095;74.4650205;1678.46909;38.36875;-1.32863348
2018-08-18 00:40:00+00:00;1657.95609;25.3196913;49.2549816;74.765213;1736.65418;38.312401;0.305158969
2018-08-18 00:50:00+00:00;1434.233045;25.3232719;49.2974354;74.0443857;1645.4569;38.3125;-0.50571928
2018-08-18 01:00:00+00:00;1397.72416;25.3641296;49.2743208;73.5308185;1644.47654;38.264133;0.108764211
2018-08-18 01:10:00+00:00;1354.203013;25.4278234;49.2536027;73.3609385;1604.05941;38.1875;0.189297635
2018-08-18 01:20:00+00:00;1037.323907;25.3685881;48.8641098;71.4996274;1510.18528;38.107167;0.599161912
2018-08-18 01:30:00+00:00;1100.832712;25.3662494;48.6122749;71.2016218;1514.00385;37.9184793;-0.434781314
2018-08-18 01:40:00+00:00;1457.431585;25.4156326;48.848007;72.739037;1686.56469;37.8312477;1.779431297
2018-08-18 01:50:00+00:00;1444.738438;25.4967207;49.0865644;73.4074334;1637.56083;37.934383;-0.275292803
2018-08-18 02:00:00+00:00;1541.21548;25.6479558;49.1869583;74.0487531;1713.86365;38.1371712;-0.216241067
2018-08-18 02:10:00+00:00;1671.395955;25.6821912;49.3061305;74.9880326;1740.4173;38.350003;-1.789446545
2018-08-18 02:20:00+00:00;1633.73654;25.7758913;49.3509537;75.5022593;1699.27601;38.606248;0.100782228
2018-08-18 02:30:00+00:00;1427.501483;25.8535165;49.3705293;75.037541;1676.64581;38.8434944;0.851738411
2018-08-18 02:40:00+00:00;1660.104975;25.8432135;49.5160644;75.7992538;1732.73863;39.0565506;0.101570911
2018-08-18 02:50:00+00:00;1697.30144;25.9522438;49.5632494;76.3283951;1755.74972;39.256077;-0.625982085
2018-08-18 03:00:00+00:00;1571.99779;26.2245298;49.5883274;76.3771316;1709.25648;39.4956334;-0.489864774
2018-08-18 03:10:00+00:00;1702.561885;26.5504977;49.5754081;76.7036307;1758.46682;39.7625;-1.937878527
2018-08-18 03:20:00+00:00;1717.85605;26.7634003;49.2469957;77.0284225;1749.63864;40.0625412;0.468717281
2018-08-18 03:30:00+00:00;1714.269785;26.983731;49.0002714;77.093964;1756.65403;40.393848;0.801756786
2018-08-18 03:40:00+00:00;1724.982319;27.03495686;36.54057488;57.89991613;1754.598486;30.4765625;0.603088403
2018-08-18 03:50:00+00:00;1728.055995;27.3378594;48.54200689;77.351596;1758.5896;40.95861944;-1.074593727
2018-08-18 04:00:00+00:00;1717.576295;27.3968873;48.2887363;77.523877;1755.86337;41.15324409;-0.968646112
2018-08-18 04:10:00+00:00;1722.058685;27.4867281;48.1894288;77.6865065;1757.98968;41.20329556;0.182557913
2018-08-18 04:20:00+00:00;1723.45613;27.8306448;48.2016704;77.4550119;1751.13058;41.2760334;-0.753384158
2018-08-18 04:30:00+00:00;1731.03597;27.8711487;48.0748347;77.2128956;1754.38119;41.42635545;0.936436856
2018-08-18 04:40:00+00:00;1720.234815;27.9839674;47.8936411;77.0305065;1750.66125;41.48479589;-0.402591392
2018-08-18 04:50:00+00:00;1723.125;28.0130789;47.9912096;76.9106738;1751.80184;41.5687496;-0.997826506
2018-08-18 08:00:00+00:00;1486.308527;31.6317912;41.7188927;64.1147244;1635.73697;44.149737;1.34157301
2018-08-18 08:10:00+00:00;1712.039805;31.54090567;38.5695796;65.1150486;1759.395222;38.5916737;-0.457207841
2018-08-18 08:20:00+00:00;1734.8787;31.88336233;43.6455695;74.886692;1761.0259;42.796875;0.119544188
2018-08-18 08:30:00+00:00;1728.084015;31.866853;44.0367876;75.9403999;1753.47296;43.068839;-0.199020323
2018-08-18 08:40:00+00:00;1715.92358;31.8059654;44.3857078;76.6211388;1752.80869;43.44375;-1.58316848
2018-08-18 08:50:00+00:00;1730.6483;31.98334622;40.1959618;69.4123874;1751.529222;39.378389;-1.624656788
2018-08-18 09:00:00+00:00;1724.169539;31.99755833;44.9632215;77.36184925;1754.2427;44.11717675;0.386130837
2018-08-18 09:10:00+00:00;1701.515885;32.15227043;38.64157943;66.280603;1750.116771;37.88435086;0.572749295
2018-08-18 09:20:00+00:00;1733.887625;32.2450706;45.3329943;77.3103265;1753.36925;44.3875;-1.456141605
2018-08-18 09:30:00+00:00;1723.41365;32.3155522;45.5744726;77.2844254;1754.42387;44.5375;0.11017747
2018-08-18 09:40:00+00:00;1709.754529;32.45631457;39.15708071;66.27870857;1755.4052;38.3125;0.988093647
2018-08-18 09:50:00+00:00;1721.783515;32.4042514;45.8761099;77.3682261;1761.99205;44.8686611;-0.261750269
2018-08-18 10:00:00+00:00;1720.291315;32.222295;46.0277031;77.437031;1753.50504;44.99402;-2.914486916
2018-08-18 10:10:00+00:00;1724.0506;32.1511694;46.1826181;77.5067962;1756.3638;45.0232052;-2.249483768
2018-08-18 10:20:00+00:00;1719.624853;32.28403913;41.07272167;68.89861333;1760.088825;40.02091444;0.16190756
2018-08-18 10:30:00+00:00;1720.821146;32.30083767;46.3771854;77.5144838;1756.3325;45.125;-0.466030744
2018-08-18 10:40:00+00:00;1717.31149;32.2747192;46.4829088;77.551193;1760.35684;45.1988986;-0.643265955
2018-08-18 10:50:00+00:00;1730.937875;32.1390847;46.7151352;77.578724;1753.5981;45.25;-0.347418255
2018-08-18 11:00:00+00:00;1714.127985;31.9159519;46.7269499;77.6152921;1758.95495;45.21875;-0.705889778
2018-08-18 11:10:00+00:00;1727.727179;31.8981005;46.7668441;77.5937565;1754.4913;45.1751186;-1.231489937
2018-08-18 11:20:00+00:00;1717.92827;31.7368876;47.1016647;77.5695919;1753.03187;45.28125;0.139310553
2018-08-18 11:30:00+00:00;1722.148025;31.6231525;47.1650723;77.588015;1755.70913;45.275995;-0.60053178
2018-08-18 11:40:00+00:00;1716.93078;31.600019;39.45016667;64.65751833;1763.9365;37.71922817;2.00314444
2018-08-18 11:50:00+00:00;1723.246015;31.3725302;47.37440544;77.59293556;1756.95025;45.02778833;-0.919041534
2018-08-18 12:00:00+00:00;1723.604255;30.9878975;47.3032827;77.5616249;1755.10924;44.9371977;0.88652297
2018-08-18 12:10:00+00:00;1720.887454;30.94063243;41.36685925;67.8440385;1755.059071;39.1483725;3.492430923
2018-08-18 12:20:00+00:00;1716.156038;30.811097;47.462644;77.4390125;1755.133967;44.625658;0.271338795
2018-08-18 12:30:00+00:00;1725.391365;30.6647857;47.404969;77.4414947;1761.76991;44.4969966;-0.335233014
2018-08-18 12:40:00+00:00;1716.459015;30.5771377;47.3212404;77.4270956;1755.63014;44.2748211;-0.034758636
2018-08-18 12:50:00+00:00;1726.978405;30.448852;47.4723519;77.4075751;1758.09956;44.132883;2.405301789
2018-08-18 13:00:00+00:00;1710.86778;29.9699142;47.4318642;77.4111451;1759.86708;43.8883343;0.496329529
2018-08-18 13:10:00+00:00;1706.421215;29.8318055;47.4159278;77.4061822;1757.8055;43.5932344;-0.283724573
2018-08-18 13:20:00+00:00;1726.908235;29.7114684;47.4415747;77.3716952;1756.52293;43.3187496;-1.8997378
2018-08-18 13:30:00+00:00;1716.59587;29.6380322;47.381142;77.310896;1756.33469;43.031172;-0.550752812
2018-08-18 13:40:00+00:00;1724.55103;29.5516645;47.4651823;77.290479;1754.3214;42.841241;-1.129678881
2018-08-18 13:50:00+00:00;1727.6564;29.4391417;47.5219531;77.2305407;1751.61365;42.68753882;0.171161305
2018-08-18 14:00:00+00:00;1714.303015;29.3643254;47.5475499;77.1614684;1749.35438;42.54166667;0.723982236
2018-08-18 14:10:00+00:00;1717.900055;29.279858;47.5153771;77.0997075;1759.89883;42.4125;-0.404140466
2018-08-18 14:20:00+00:00;1715.24647;29.1937023;47.543018;77.0815249;1761.62581;42.3125;1.389893687
2018-08-18 14:40:00+00:00;1720.265515;28.7837739;47.41345578;76.99417867;1760.42872;42.02782;-0.280310091
2018-08-18 14:50:00+00:00;1713.24045;28.7160535;37.8789872;61.556796;1753.485225;33.525;-1.233058605
2018-08-18 15:30:00+00:00;1720.807361;27.86751789;47.130741;76.97454575;1752.1285;41.03126425;-2.292249247
2018-08-18 15:40:00+00:00;1723.40368;27.7537859;47.0665225;76.9024647;1754.98306;40.8039103;0.918823
2018-08-18 15:50:00+00:00;1727.024685;27.6851012;47.0184772;76.9116762;1757.4613;40.5934941;1.170939195
2018-08-18 16:00:00+00:00;1706.288385;27.6141349;46.992163;76.8522694;1758.01677;40.440131;0.710365045
2018-08-18 16:10:00+00:00;1703.83865;27.5234309;46.986526;76.7918513;1753.12857;40.3319798;-1.107307414
2018-08-18 16:20:00+00:00;1725.02184;27.4656417;47.0312242;76.7024774;1752.08265;40.25;-1.475896321
2018-08-18 16:30:00+00:00;1721.816578;27.43632333;42.3088646;68.9858015;1753.486989;36.18125;-0.225355138
2018-08-18 17:10:00+00:00;1723.647038;27.22158288;46.84560243;76.54565657;1749.487175;39.75;-0.782289161
2018-08-18 17:20:00+00:00;1722.353322;27.185385;41.62530389;67.99506056;1759.021544;35.25695589;-1.396078026
2018-08-18 17:30:00+00:00;1723.52714;27.1034486;46.8693023;76.3500327;1751.71545;39.6875;-0.222048955
2018-08-18 17:40:00+00:00;1714.98025;27.0302827;47.0632456;76.213825;1755.53979;39.70625;-0.147328027
2018-08-18 17:50:00+00:00;1718.163345;26.9622537;47.0614864;76.1262014;1759.43374;39.7247616;0.540084916
2018-08-18 18:00:00+00:00;1712.360095;26.8617917;47.0698711;76.073644;1750.58498;39.75;0.345884542
2018-08-18 18:10:00+00:00;1722.758445;26.7807748;47.0962858;76.071844;1755.77708;39.7832444;0.332572523
2018-08-18 18:20:00+00:00;1716.131494;26.70291744;41.85588333;67.57418367;1763.424833;35.30778556;0.219120473
2018-08-18 18:30:00+00:00;1713.313695;26.6610741;46.9970007;75.9721797;1755.84765;39.6251924;-0.946562423
2018-08-18 18:40:00+00:00;1714.324018;26.61612167;41.68939978;67.497944;1754.639122;35.1274;-0.250370291
2018-08-18 18:50:00+00:00;1711.758455;26.5648816;46.8833434;75.8835125;1755.42205;39.3937515;-0.9486755
2018-08-18 19:00:00+00:00;1727.624205;26.4913493;46.8729018;75.8138392;1761.19936;39.3125;-0.084533852
2018-08-18 19:10:00+00:00;1717.135995;26.4747848;46.941171;75.765833;1753.03248;39.274991;-0.989420415
2018-08-18 19:20:00+00:00;1731.3007;26.4069376;46.9175946;75.674052;1756.22087;39.2375015;-0.221954309
2018-08-18 19:30:00+00:00;1721.35642;26.3270191;46.9757589;75.6338078;1755.05694;39.1875;-0.7200378
2018-08-18 19:40:00+00:00;1722.782205;26.2683545;46.9241886;75.6379141;1754.10498;39.2;-0.724238996
2018-08-18 19:50:00+00:00;1718.6637;26.20577333;42.2766369;68.0169039;1756.771922;35.3052254;0.856145325
2018-08-18 20:00:00+00:00;1724.26821;26.1543701;47.13426956;75.54278489;1754.80943;39.27254956;-1.207384896
2018-08-18 20:10:00+00:00;1720.930244;26.07462889;41.81864322;67.11387667;1752.143911;34.86019889;-0.096376354
2018-08-18 20:20:00+00:00;1716.48659;25.9990018;47.0162307;75.4632201;1755.71873;39.125;-0.309828683
2018-08-18 20:30:00+00:00;1719.70679;25.9395859;47.0279353;75.404052;1751.77229;39.1189842;-0.252264802
2018-08-18 20:40:00+00:00;1723.30801;25.9081234;47.0088633;75.36083;1751.87007;39.0877594;-1.002035642
2018-08-18 20:50:00+00:00;1717.936955;25.8600726;46.902574;75.3490786;1758.44566;38.9622525;-1.701023282
2018-08-18 21:00:00+00:00;1722.6821;25.8320739;46.8383785;75.3294051;1752.29403;38.8689823;0.297531207
2018-08-18 21:10:00+00:00;1722.339355;25.8238204;46.6982329;75.3409674;1756.51626;38.7500103;1.050323001
2018-08-18 21:20:00+00:00;1724.091115;25.8226084;46.5537496;75.3204221;1758.12287;38.6200199;-1.285305826
2018-08-18 21:30:00+00:00;1712.454665;25.813803;46.4969359;75.3006755;1755.91368;38.625;-1.42872781
2018-08-18 21:40:00+00:00;1723.967478;25.78368411;41.32056656;66.86745567;1750.139522;34.36704167;-0.348742934
2018-08-18 21:50:00+00:00;1721.551711;25.71117378;41.51584522;66.80826633;1756.895322;34.44444444;0.027340904
2018-08-18 22:00:00+00:00;1721.915755;25.6742987;46.9274676;75.1083153;1760.11043;38.8722557;0.151446237
2018-08-18 22:10:00+00:00;1722.006785;25.6742691;46.9805831;75.1082195;1756.00382;38.9122578;0.413676016
2018-08-18 22:20:00+00:00;1719.14193;25.6337008;46.9454352;75.1156284;1754.51841;38.81875;0.671225249
2018-08-18 22:30:00+00:00;1717.5933;25.6192408;46.9557858;75.065298;1756.15683;38.76875;-0.840490549
2018-08-18 22:40:00+00:00;1722.53646;25.6400221;47.0313165;75.0066934;1754.66437;38.75;0.153803119
2018-08-18 22:50:00+00:00;1720.29634;25.6465348;47.1028423;74.9821884;1750.53302;38.6875;-1.366141792
2018-08-18 23:00:00+00:00;1716.567565;25.63273;47.1707392;74.9654636;1756.50463;38.7302282;0.534622065
2018-08-18 23:10:00+00:00;1715.226825;25.6409285;47.223225;74.951281;1750.77857;38.7650531;0.40885716
2018-08-18 23:20:00+00:00;1715.99479;25.5955252;47.2526564;74.9437642;1757.21443;38.8125;-0.107222802
2018-08-18 23:30:00+00:00;1717.6444;25.6022712;47.316055;74.9356155;1756.22826;38.838011;-0.600447221
2018-08-18 23:40:00+00:00;1719.63747;25.5541608;47.3598089;74.9227595;1749.73608;38.8522844;-0.53059071
2018-08-18 23:50:00+00:00;1720.740139;25.535024;42.26575222;66.55952844;1753.9601;34.49277922;-0.025462137
2018-08-19 00:00:00+00:00;1714.10975;25.5141259;47.6644098;74.8752286;1747.797;38.7591267;-0.545123772
2018-08-19 00:10:00+00:00;1714.538778;25.51602378;42.505677;66.57587767;1749.466911;34.47222222;-0.995398385
2018-08-19 00:20:00+00:00;1720.05792;25.5268382;47.7238904;74.9295774;1749.20511;38.75;-0.386271544
2018-08-19 00:30:00+00:00;1721.20736;25.4959423;47.6513787;74.9119445;1754.98774;38.7808624;-0.769758367
2018-08-19 00:40:00+00:00;1685.505355;25.4608955;47.9387472;74.77547;1742.20343;38.7937973;-0.256622042
2018-08-19 00:50:00+00:00;1709.39908;25.4593766;48.2228794;74.7336596;1759.8509;38.8492268;-0.891883647
2018-08-19 01:00:00+00:00;1715.288885;25.4583457;48.2878063;74.790429;1747.93723;38.85;-0.788156695
2018-08-19 01:10:00+00:00;1724.56758;25.4664024;48.2333242;74.8369733;1749.88145;38.893744;-0.532020148
2018-08-19 01:20:00+00:00;1720.867825;25.4978779;48.2612441;74.8307105;1751.52303;38.9250103;0.300833025
2018-08-19 01:30:00+00:00;1725.126595;25.5444209;48.2976445;74.8256464;1749.74032;38.9999286;0.187219319
2018-08-19 01:40:00+00:00;1716.73684;25.6256449;48.3195618;74.8105376;1755.41305;39.0733677;-0.286026825
2018-08-19 01:50:00+00:00;1720.429185;25.7369075;48.3488309;74.8197335;1754.23636;39.14375;0.066156637
2018-08-19 02:00:00+00:00;1697.63919;25.8856977;48.3759889;74.8326436;1748.52998;39.2625008;0.62003761
2018-08-19 02:10:00+00:00;1722.44776;26.0140124;48.2342951;74.861578;1754.46888;39.3565174;-0.119016877
2018-08-19 02:20:00+00:00;1703.059955;26.1845081;48.1800914;74.840237;1739.16587;39.4758087;0.151128495
2018-08-19 02:30:00+00:00;1720.655155;26.2765504;48.2194618;74.9077362;1755.47285;39.5875;-0.233764319
2018-08-19 02:40:00+00:00;1717.18641;26.509245;48.086018;74.953426;1749.20459;39.7059067;-0.530341102
2018-08-19 02:50:00+00:00;1716.30643;26.7236891;48.0879044;75.0537358;1750.88958;39.8402587;-1.735421012
2018-08-19 03:00:00+00:00;1715.04148;26.8851068;47.916647;75.1793328;1760.33821;39.9437504;-0.460153737
2018-08-19 03:10:00+00:00;1720.42729;26.9194687;47.5443784;75.3251476;1755.88481;40;-1.294136754
2018-08-19 03:20:00+00:00;1725.64053;26.9722713;47.2551299;75.4107175;1757.92474;40.0501819;-0.946206264
2018-08-19 03:30:00+00:00;1725.85811;27.0348817;47.2429648;75.419974;1759.71922;40.1627075;-0.925741395
2018-08-19 03:40:00+00:00;1722.21538;27.0128916;47.0248829;75.494454;1755.05903;40.2312492;-0.026908767
2018-08-19 03:50:00+00:00;1710.838405;27.1476772;46.8960717;75.5998064;1753.85794;40.2185176;0.543902419
2018-08-19 04:00:00+00:00;1717.46905;27.190599;46.8683803;75.6312285;1751.70036;40.3067467;-0.989330634
2018-08-19 04:10:00+00:00;1720.39958;27.2588141;46.7761617;75.6899075;1752.59268;40.3125;-0.157267322
2018-08-19 04:20:00+00:00;1724.095655;27.5364868;46.7010315;75.7605785;1758.43743;40.3752651;-0.901726934
2018-08-19 04:30:00+00:00;1722.66172;27.7014882;46.6743173;75.8390874;1752.59492;40.518748;0.177465912
2018-08-19 04:40:00+00:00;1719.919425;27.8671844;46.6162995;75.911445;1760.17121;40.7127788;-0.59379386
2018-08-19 04:50:00+00:00;1721.715339;27.94086344;41.36534067;67.59615556;1753.594611;36.32652933;0.719574276
2018-08-19 05:00:00+00:00;1722.377;28.18789971;33.22247129;54.36623714;1754.578043;29.28571429;0.244569877
2018-08-19 05:10:00+00:00;1718.346045;28.2744968;46.6585243;76.2325202;1752.85736;41.1896086;-0.083726907
2018-08-19 05:20:00+00:00;1711.72838;28.1678411;46.5193638;76.257955;1757.44126;41.25625;-0.522837462
2018-08-19 05:30:00+00:00;1713.74573;28.3553148;46.5666218;76.2799585;1754.40268;41.3624344;-0.418990031
2018-08-19 05:40:00+00:00;1714.9129;28.6109597;46.5892519;76.3607245;1748.47777;41.5001873;0.624241059
2018-08-19 05:50:00+00:00;1720.505485;28.7635425;46.4955276;76.5606411;1765.32042;41.6531557;0.58005881
2018-08-19 06:00:00+00:00;1729.8532;29.1023449;46.4998722;76.5762175;1755.20039;41.8560274;-0.556145952
2018-08-19 06:10:00+00:00;1721.83207;29.1110074;46.6024241;76.6971318;1749.38677;42.0358737;1.695993048
2018-08-19 06:20:00+00:00;1722.637955;29.428886;46.5063292;76.8144475;1750.04074;42.176727;1.219990379
2018-08-19 06:30:00+00:00;1728.669275;29.2945049;46.5992061;76.8255092;1752.99284;42.3608027;1.97098239
2018-08-19 06:40:00+00:00;1715.827655;29.4012442;46.5534416;76.8622535;1758.18875;42.475;0.159979555
2018-08-19 06:50:00+00:00;1724.307576;29.56994088;40.91947413;67.26490313;1746.187563;37.33592563;-0.610876176
2018-08-19 07:00:00+00:00;1724.755975;29.8212581;46.7837432;76.908433;1747.11545;42.827199;-0.647460146
2018-08-19 07:10:00+00:00;1722.474175;29.900012;46.8160323;76.9813464;1756.39755;42.9754974;-0.824158934
2018-08-19 07:20:00+00:00;1715.42962;29.9559566;46.8467553;77.0211946;1750.81316;43.1062496;0.343763602
2018-08-19 07:30:00+00:00;1731.863259;30.05633463;41.66022222;68.46525744;1755.0175;38.43055556;1.378102735
2018-08-19 07:40:00+00:00;1722.001247;30.0370894;46.84813289;77.08283222;1756.42312;43.25;-1.265594
2018-08-19 07:50:00+00:00;1715.49102;30.4456545;46.8203446;77.0392305;1760.86802;43.3319427;1.735037024
2018-08-19 08:00:00+00:00;1712.80532;30.1127295;46.8891809;77.0910138;1753.31085;43.375008;-0.94871019
2018-08-19 08:10:00+00:00;1713.88675;30.1223798;46.8666996;77.1632982;1757.3522;43.375;-0.865302523
2018-08-19 08:20:00+00:00;1730.229173;30.10193063;41.01987738;67.55273425;1754.53085;37.90656275;0.461614199
2018-08-19 08:30:00+00:00;1739.2983;30.28891714;40.24422643;66.12680157;1752.734171;37.13863314;-0.496735109
2018-08-19 08:40:00+00:00;1721.000586;30.40182683;39.14442617;64.29148733;1755.588633;36.14106367;-0.638766072
2018-08-19 08:50:00+00:00;1715.277644;30.4794914;39.26801567;64.34162667;1748.06526;36.18868;-0.810417288
2018-08-19 09:00:00+00:00;1728.610716;30.368814;47.10153611;77.25052522;1756.10085;43.51097367;-1.102510545
2018-08-19 09:10:00+00:00;1727.870845;30.6880598;47.1002531;77.191832;1748.19568;43.6189316;0.739126538
2018-08-19 09:20:00+00:00;1716.87962;30.7247559;47.165928;77.214567;1753.6567;43.7424934;-0.344735549
2018-08-19 09:30:00+00:00;1720.943125;30.6556528;47.1313911;77.2248007;1754.41462;43.768746;-0.405161713
2018-08-19 09:40:00+00:00;1720.196195;30.7309695;47.1764932;77.2487388;1748.70205;43.7935432;1.013867354
2018-08-19 09:50:00+00:00;1718.421785;30.7714209;47.2757916;77.2343324;1752.88638;43.881867;0.127568954
2018-08-19 10:00:00+00:00;1715.33217;30.9552266;47.361407;77.2011875;1753.82031;43.9872194;-0.470235982
2018-08-19 10:10:00+00:00;1721.804315;31.1709518;47.4942644;77.2298134;1756.4507;44.1375;-1.453733021
2018-08-19 10:20:00+00:00;1729.22194;30.9259727;47.5562358;77.272474;1748.34416;44.2499973;-2.363298378
2018-08-19 10:30:00+00:00;1726.037885;31.0422356;47.6545174;77.2828018;1755.88066;44.3125;-0.046317321
2018-08-19 10:40:00+00:00;1719.9131;30.9791654;47.6000989;77.3182495;1755.81882;44.3125;-0.446250106
2018-08-19 10:50:00+00:00;1726.350455;30.998922;47.6793;77.3392695;1758.01897;44.3404438;0.726554702
2018-08-19 11:00:00+00:00;1717.812093;30.93244871;41.66287288;67.68421888;1755.734657;38.74186663;0.593764442
2018-08-19 11:10:00+00:00;1722.272673;30.79754288;47.54372557;77.38119371;1754.955725;44.1875;-0.939431905
2018-08-19 11:20:00+00:00;1716.02668;30.7321471;47.6588961;77.3702314;1748.21687;44.1371172;0.160309913
2018-08-19 11:30:00+00:00;1730.296435;30.724887;47.7719165;77.3843075;1753.20936;44.1187603;-0.074899527
2018-08-19 11:40:00+00:00;1723.12783;30.5986224;47.7412492;77.3914931;1751.14893;44.0357685;-0.283557319
2018-08-19 11:50:00+00:00;1723.215795;30.5653339;47.7591186;77.3454701;1750.2877;43.9370613;-2.119417548
2018-08-19 12:00:00+00:00;1716.8578;30.3487801;47.8778683;77.3799342;1757.35633;43.8624996;0.213539963
2018-08-19 12:10:00+00:00;1712.331095;30.1785683;47.9211914;77.3360405;1748.22093;43.8002567;-0.2756653
2018-08-19 12:20:00+00:00;1715.16427;30.1353093;48.0921569;77.307911;1755.11675;43.75;0.080131418
2018-08-19 12:30:00+00:00;1728.18827;30.158679;48.1924291;77.2623785;1752.91729;43.6616856;-0.607607174
2018-08-19 12:40:00+00:00;1722.106275;30.12267;24.0326825;38.647405;1764.3612;21.78125;-0.3043632
2018-08-19 12:50:00+00:00;1719.065865;30.04932689;48.36624588;77.25710375;1752.818189;43.49323325;-0.032981105
2018-08-19 13:00:00+00:00;1725.73292;29.9737429;48.5140983;77.2189412;1752.41196;43.5;-1.190199904
2018-08-19 13:10:00+00:00;1711.26389;29.8828756;48.7639542;77.2127876;1751.37313;43.5;-0.722633972
2018-08-19 13:20:00+00:00;1716.349545;29.7172988;48.8046698;77.2340294;1750.59141;43.4616657;0.255847356
2018-08-19 13:30:00+00:00;1718.97035;29.5583888;48.7163281;77.203277;1761.05641;43.3125;-0.632062485
2018-08-19 13:40:00+00:00;1719.28373;29.4590343;48.5787085;77.178507;1754.02259;43.1493543;-0.809449668
2018-08-19 13:50:00+00:00;1716.765355;29.3837644;48.504916;77.1951492;1756.89272;42.9750152;0.340350593
2018-08-19 14:00:00+00:00;1715.69107;29.3338093;48.4018984;77.1368949;1758.77122;42.7997;-1.170471
2018-08-19 14:10:00+00:00;1714.761365;29.219825;48.3736384;77.1110656;1751.74335;42.6536728;-0.169245992
2018-08-19 14:20:00+00:00;1714.32596;29.0664467;48.2670773;77.1554602;1753.95342;42.593864;-1.404958404
2018-08-19 14:30:00+00:00;1727.47693;28.9233824;48.2071786;77.1039286;1752.29486;42.511526;0.615789883
2018-08-19 14:40:00+00:00;1722.79393;28.8141717;48.194065;77.029815;1759.04375;42.3507175;-0.759450818
2018-08-19 14:50:00+00:00;1727.617623;28.62860314;42.048195;67.38180663;1758.533071;36.87475875;1.872882409
2018-08-19 15:00:00+00:00;1720.271338;28.1521985;47.89616933;76.98532333;1759.7546;41.72523233;-0.551388064
2018-08-19 15:20:00+00:00;1724.51135;27.879772;;;1760.2844;;-1.602089775
2018-08-19 15:30:00+00:00;1721.58381;27.8128604;47.6695587;76.9311165;1759.06122;41.0560093;-1.019264541
2018-08-19 15:40:00+00:00;1713.22469;27.6629712;47.8075747;76.8210905;1750.28487;40.9625;-0.619288087
2018-08-19 15:50:00+00:00;1720.08254;27.5973506;47.6845383;76.8115625;1754.67498;40.78977273;0.598125074
2018-08-19 16:00:00+00:00;1721.064345;27.5684014;47.5693327;76.812413;1752.48768;40.625;-1.135981917
2018-08-19 16:10:00+00:00;1723.840739;27.55916067;47.47134633;76.79903767;1751.589089;40.4375;0.015371894
2018-08-19 16:20:00+00:00;1713.430541;27.51654256;42.12649489;68.20333056;1759.2183;35.88218178;0.279944251
2018-08-19 16:30:00+00:00;1720.354025;27.5642018;43.06168118;69.68463582;1754.74052;36.63029273;-0.46828406
2018-08-19 16:40:00+00:00;1724.986578;27.538246;47.37554638;76.60108012;1752.282056;40.2385955;-0.225978721
2018-08-19 16:50:00+00:00;1726.919965;27.4967159;47.2981846;76.5548231;1758.35501;40.18125;-1.172408157
2018-08-19 17:00:00+00:00;1733.671585;27.4980465;47.1791344;76.6045291;1751.29064;40.075;-0.053954714
2018-08-19 17:10:00+00:00;1710.218095;27.4540697;47.1258129;76.5625685;1751.91446;40;0.523854056
2018-08-19 17:20:00+00:00;1716.371633;27.40493844;41.92467578;67.92456367;1757.314711;35.50694444;0.607706489
2018-08-19 17:30:00+00:00;1720.01489;27.3594657;47.2109037;76.2909738;1754.68259;39.9866264;0.00756489
2018-08-19 17:40:00+00:00;1718.877925;27.2818717;47.2111239;76.262278;1747.50299;39.9499996;-0.119554605
2018-08-19 17:50:00+00:00;1728.174735;27.1166315;47.2460671;76.1638074;1754.9866;39.9375;1.939745794
2018-08-19 18:00:00+00:00;1718.91075;26.9612018;47.383741;76.0906797;1752.64567;39.9875496;-0.321048864
2018-08-19 18:10:00+00:00;1723.393355;26.8416094;47.281112;76.1298326;1757.4481;39.937442;0.5649671
2018-08-19 18:20:00+00:00;1716.12188;26.7290799;47.0995207;76.1795296;1751.74993;39.7801725;-0.899160913
2018-08-19 18:30:00+00:00;1725.80109;26.6300909;47.0058952;76.151698;1763.17605;39.65625;-0.96965273
2018-08-19 18:40:00+00:00;1721.6189;26.54169489;41.73054911;67.59618011;1753.881311;35.17783733;-0.848500671
2018-08-19 18:50:00+00:00;1715.63711;26.4513045;47.0212947;75.9488269;1758.75206;39.5399036;0.561774633
2018-08-19 19:00:00+00:00;1713.013835;26.3789376;47.0097948;75.932626;1752.26843;39.4562624;-0.157171538
2018-08-19 19:10:00+00:00;1718.222065;26.2654894;46.8293055;75.9004289;1755.02861;39.33125;-0.385321278
2018-08-19 19:20:00+00:00;1717.97868;26.1066791;46.9329281;75.8032865;1751.87415;39.29375;-1.213687823
2018-08-19 19:30:00+00:00;1717.626025;25.9973566;46.9041551;75.7599418;1753.21621;39.2374966;-1.501908933
2018-08-19 19:40:00+00:00;1725.20883;25.9033912;46.8438676;75.7041251;1759.09616;39.1875;-0.089121374
2018-08-19 19:50:00+00:00;1714.200465;25.81933789;46.79611411;75.6401145;1755.143678;39.12686333;-0.573912818
2018-08-19 20:00:00+00:00;1714.35254;25.7931015;46.830325;75.6095725;1739.9889;39.0625;0.63715074
2018-08-20 02:40:00+00:00;1727.15075;25.7967148;46.617517;74.9018378;1760.84176;38.9375;-1.430854691
2018-08-20 02:50:00+00:00;1723.914995;25.8500793;46.627762;74.9588687;1755.2731;38.981989;-0.260538383
2018-08-20 03:00:00+00:00;1717.54819;25.9237621;46.5498303;75.0028928;1757.69912;39.0125;-0.845413267
2018-08-20 03:10:00+00:00;1718.40215;26.0163651;46.5214125;75.0112595;1751.27703;39.13125;-0.712506466
2018-08-20 03:20:00+00:00;1722.180295;26.14384;46.4341421;75.0283816;1761.04958;39.2574112;0.507374514
2018-08-20 03:30:00+00:00;1722.660313;26.23824267;46.54538767;75.04713667;1748.7713;39.33333333;1.731873479
2018-08-20 03:40:00+00:00;1728.82;26.43026567;46.50323733;75.15168;1766.817767;39.66666667;4.416215175
2018-08-20 03:50:00+00:00;1722.914965;26.54101;46.396821;75.17138;1756.86435;39.731018;0.368859671
2018-08-20 04:00:00+00:00;1731.486175;26.6648693;46.2267298;75.2802933;1755.00358;39.7899906;-0.76047057
2018-08-20 04:10:00+00:00;1722.96701;26.7897482;46.010179;75.3652123;1758.85284;39.815636;-1.152701241
2018-08-20 04:20:00+00:00;1720.198715;27.0205833;45.8740745;75.5321461;1758.3355;39.85625;-0.349679472
2018-08-20 04:40:00+00:00;1717.726511;27.64800156;45.78562563;75.71532562;1759.149078;40.2421875;0.202705345
2018-08-20 04:50:00+00:00;1713.755095;27.6415952;45.797107;75.8161776;1754.90155;40.442819;2.013473076
2018-08-20 05:00:00+00:00;1732.08838;27.8519668;45.8078749;75.8857494;1752.58213;40.7032909;-0.399718663
2018-08-20 05:10:00+00:00;1725.85253;28.0257527;45.8060754;75.9581714;1753.67697;40.9625053;-0.557381094
2018-08-20 05:20:00+00:00;1721.36629;28.3031857;45.8649802;76.0908819;1752.92097;41.2374964;-0.048576354
2018-08-20 05:30:00+00:00;1718.127865;28.3889928;45.848136;76.1988035;1757.53189;41.48125;-0.576418603
2018-08-20 05:40:00+00:00;1719.61205;28.7312942;45.8202787;76.245742;1754.23446;41.78125;1.154889119
2018-08-20 05:50:00+00:00;1710.39265;28.7998985;45.9202595;76.4431228;1753.30935;42.0311886;-0.842289569
2018-08-20 06:00:00+00:00;1718.3974;28.893337;45.9133232;76.5530755;1758.80361;42.2569798;0.51790353
2018-08-20 06:10:00+00:00;1721.290575;29.0875282;45.9812271;76.6892724;1760.91949;42.400739;0.554938314
2018-08-20 06:20:00+00:00;1715.192124;29.06558575;40.2397775;67.181587;1752.271838;37.171875;-0.114503361
2018-08-20 06:30:00+00:00;1729.862975;29.1783262;45.9488981;76.8277695;1751.72948;42.5;-1.627073756
2018-08-20 06:40:00+00:00;1723.20502;29.3648974;45.9726747;76.8803939;1760.34586;42.55;0.092074376
2018-08-20 06:50:00+00:00;1729.46008;29.419696;45.9674619;76.948314;1753.01809;42.5685368;0.478089246
2018-08-20 07:00:00+00:00;1723.849688;29.64707075;40.28671325;67.31477363;1757.629463;37.33533875;-2.601031515
2018-08-20 07:10:00+00:00;1718.69426;30.0154645;46.1698531;77.0091392;1745.3431;42.8166031;-0.943262256
2018-08-20 07:20:00+00:00;1712.63992;30.2915936;46.2319856;77.0003574;1749.9647;43.011498;-1.182943924
2018-08-20 07:30:00+00:00;1711.923838;30.23083313;40.57819013;67.39078638;1763.147963;37.8125005;1.841058156
2018-08-20 07:40:00+00:00;1714.91804;30.2620812;46.4468603;77.0476225;1749.02621;43.4250095;-0.717462625
2018-08-20 07:50:00+00:00;1737.318657;30.44886343;40.641844;67.4367375;1751.344986;38.1328125;-0.527397076
2018-08-20 08:00:00+00:00;1721.874026;30.6108519;46.54735089;77.11124989;1753.08753;43.71500522;-1.028137198
2018-08-20 08:10:00+00:00;1721.295995;30.633127;46.5945262;77.161075;1754.04764;43.8438836;0.1266343
2018-08-20 08:20:00+00:00;1716.785035;30.8485104;46.6684398;77.1651467;1753.64573;44.006256;-0.27457891
2018-08-20 08:30:00+00:00;1713.58138;30.5858773;46.6194572;77.212297;1756.82166;44.0625;0.654745085
2018-08-20 08:40:00+00:00;1717.862795;30.7000959;46.6600447;77.2464672;1756.22847;44.0874996;0.936412411
2018-08-20 08:50:00+00:00;1728.659915;30.7230535;46.6806512;77.253211;1753.44945;44.125;0.592930633
2018-08-20 09:00:00+00:00;1729.908885;30.7772929;46.710235;77.3267569;1752.93403;44.16875;0.628236512
2018-08-20 09:10:00+00:00;1712.711743;30.86826483;38.96733483;64.44763483;1754.052467;37.92857143;-1.083900072
2018-08-20 09:20:00+00:00;1716.26506;30.8352806;46.7811767;77.354929;1755.02719;44.230647;-0.1340843
2018-08-20 09:30:00+00:00;1715.46342;30.9892746;46.8279649;77.3506645;1749.45359;44.2439354;-1.624822718
2018-08-20 09:40:00+00:00;1727.93161;30.937101;46.9344945;77.3722935;1751.48664;44.3125;-3.31354894
2018-08-20 09:50:00+00:00;1719.662545;30.933359;47.0505146;77.3635774;1746.70252;44.3625004;-0.817825047
2018-08-20 10:00:00+00:00;1709.720367;30.7782152;39.3433565;64.4655575;1755.374;37.03125;-0.200911824
2018-08-20 10:10:00+00:00;1720.416515;30.8718454;47.46531289;77.34002578;1757.91369;44.59035956;0.352195671
2018-08-20 10:20:00+00:00;1716.23396;30.9073954;47.4551773;77.3248397;1753.89256;44.5624092;1.040763242
2018-08-20 10:30:00+00:00;1721.51272;30.9300042;47.3484483;77.3333194;1757.43047;44.4375;-0.759703924
2018-08-20 10:40:00+00:00;1725.039215;30.9739043;47.441971;77.3550386;1757.58319;44.407186;-1.22394782
2018-08-20 10:50:00+00:00;1715.00654;30.9527229;47.4507262;77.3915152;1756.49664;44.375;-0.463148066
2018-08-20 11:00:00+00:00;1720.913065;31.0223794;47.4673561;77.3824415;1756.58198;44.375;-0.497726824
2018-08-20 11:10:00+00:00;1707.155445;31.0962763;47.4954938;77.3759795;1760.57119;44.3571644;0.63020666
2018-08-20 11:20:00+00:00;1722.132835;31.0065271;47.584395;77.4006684;1756.94235;44.375;-0.34480844
2018-08-20 11:30:00+00:00;1718.44188;30.905287;47.7671717;77.3746335;1752.492;44.43027411;-1.95166022
2018-08-20 11:40:00+00:00;1716.17637;30.6687126;47.8945725;77.3474021;1753.83447;44.4884487;0.164894872
2018-08-20 11:50:00+00:00;1723.863775;30.734761;47.8730558;77.3189814;1758.83127;44.48125;-0.291676637
2018-08-20 12:00:00+00:00;1720.299618;30.6511406;40.01009733;64.45907767;1756.71404;36.96875;-1.630481911
2018-08-20 12:10:00+00:00;1725.184326;30.4870327;47.99446967;77.33443044;1756.84429;44.187773;-0.639052154
2018-08-20 12:20:00+00:00;1711.26577;30.414926;47.916765;77.338884;1762.8655;44.031974;0.744167973
2018-08-20 12:30:00+00:00;1713.422965;30.2710584;47.8763697;77.354087;1753.45624;43.8875;1.18831831
2018-08-20 12:40:00+00:00;1723.27787;30.0473264;47.967242;77.3189955;1755.57786;43.843697;0.323772944
2018-08-20 12:50:00+00:00;1719.85724;29.839743;42.11737913;67.65053688;1752.0095;38.323287;0.151884458
2018-08-20 13:00:00+00:00;1712.56055;29.69287133;47.968633;77.2884675;1753.963067;43.5;-2.864670733
2018-08-20 13:10:00+00:00;1720.08696;29.6754588;39.91407167;64.42285;1753.04916;36.17708333;-0.54570311
2018-08-20 13:20:00+00:00;1713.9554;29.53924533;47.900945;77.3014472;1757.150067;43.1125;-0.138756466
2018-08-20 13:30:00+00:00;1719.533585;29.4505306;47.9586136;77.3052081;1752.70902;43.062759;-0.673783862
2018-08-20 13:40:00+00:00;1723.02277;29.4009018;47.8952983;77.2370974;1750.45961;42.9238873;0.50832348
2018-08-20 13:50:00+00:00;1711.521615;29.2946083;47.8557359;77.1950211;1755.3442;42.7494605;0.476470366
2018-08-20 14:00:00+00:00;1720.850195;29.1384989;48.1448065;77.1526396;1757.82362;42.676615;0.397479688
2018-08-20 14:10:00+00:00;1722.487475;28.9729643;48.395495;77.231822;1750.56369;42.6468925;0.387204945
2018-08-20 14:20:00+00:00;1721.52922;28.8749834;48.2637123;77.182118;1757.30061;42.4483056;-0.244047812
2018-08-20 14:30:00+00:00;1697.251838;28.801072;36.10890075;57.87365;1752.171767;31.734375;0.9765672
2018-08-20 14:50:00+00:00;1714.321681;28.633971;48.61269138;76.9730725;1749.932622;42.18925625;-0.745756017
2018-08-20 15:00:00+00:00;1718.803305;28.55642;48.7054145;76.913876;1740.61296;42.1249996;-0.65292575
2018-08-20 15:10:00+00:00;1721.53116;28.4519275;48.9812262;76.7994525;1763.08744;42.1021935;0.707878269
2018-08-20 15:30:00+00:00;1727.817967;28.209434;48.48617;76.823845;1762.5907;41.75;-0.5403629
2018-08-20 15:40:00+00:00;1725.06986;28.1738521;48.5102293;76.8004216;1757.93239;41.662476;0.170493226
2018-08-20 15:50:00+00:00;1717.231615;28.0858159;48.5557508;76.6811026;1756.51426;41.5439175;0.046996765
2018-08-20 16:00:00+00:00;1725.143465;27.9273799;48.7178299;76.52725;1755.57958;41.5187523;0.555917848
2018-08-20 16:10:00+00:00;1722.561615;27.7256963;48.6725085;76.4921483;1754.29658;41.48125;-0.713900774
2018-08-20 16:20:00+00:00;1713.98814;27.5541602;48.7485419;76.400736;1751.67301;41.4483066;0.27875994
2018-08-20 16:30:00+00:00;1723.564185;27.39156;48.5517221;76.38129;1757.76497;41.3625;0.124515874
2018-08-20 16:40:00+00:00;1718.66315;27.2201176;48.3208185;76.3552295;1762.23095;41.18125;-0.793032048
2018-08-20 16:50:00+00:00;1727.476005;27.1043634;48.2741599;76.3330835;1752.90267;41.00625;-0.167497436
2018-08-20 17:00:00+00:00;1726.444617;27.00513244;48.20590278;76.18961989;1754.752789;40.81249111;0.26270502
2018-08-20 17:40:00+00:00;1715.994258;26.4680592;48.189321;75.81416875;1756.28764;40.5625;0.761673725
2018-08-20 17:50:00+00:00;1723.530884;26.4172777;48.412579;75.7621816;1753.6545;40.51924722;1.415964406
2018-08-20 18:00:00+00:00;1720.132157;26.3379375;48.4466901;75.7590576;1751.74617;40.4;-0.694175816
2018-08-20 18:10:00+00:00;1721.962905;26.2607618;48.2230584;75.7424774;1754.99994;40.24431855;-0.57681802
2018-08-20 18:20:00+00:00;1716.828175;26.2190107;48.1066216;75.6966303;1752.49232;40.14005556;0.145581635
2018-08-20 18:30:00+00:00;1718.019642;26.1628778;48.1867363;75.5936363;1746.37211;40.1374996;-0.309259516
2018-08-20 18:40:00+00:00;1712.09907;26.1144416;48.0737662;75.562143;1754.44384;40.0625;-0.295178926
2018-08-20 18:50:00+00:00;1725.4465;26.0327617;47.8876146;75.5780793;1752.65075;39.8603523;-0.596317751
2018-08-20 19:00:00+00:00;1725.06774;25.9405295;47.9172851;75.490393;1758.68543;39.7812466;0.706137315
2018-08-20 19:10:00+00:00;1716.447725;25.85457775;35.892921;56.5828715;1752.8214;29.75547125;-1.776532114
2018-08-20 19:20:00+00:00;1721.152115;25.8164149;47.883827;75.4314665;1759.54536;39.5700248;-0.591817381
2018-08-20 19:30:00+00:00;1721.735865;25.7655074;47.9491813;75.3647991;1752.99849;39.50625;-0.005731322
2018-08-20 19:40:00+00:00;1669.045772;25.73823078;42.94758278;66.78447889;1742.004833;35.16639456;-0.508055902
2018-08-20 19:50:00+00:00;1693.96928;25.7620343;48.6547851;75.0311618;1747.79993;39.5687296;-1.280498711
2018-08-20 20:00:00+00:00;1721.869835;25.7377186;48.6940446;75.1199482;1751.17758;39.5625;-0.477211072
2018-08-20 20:10:00+00:00;1664.001655;25.7051149;48.9052888;74.9680675;1731.49714;39.59375;-0.577251081
2018-08-20 20:20:00+00:00;1709.332715;25.6329769;49.1482031;74.8834265;1741.39174;39.6844287;-0.268889394
2018-08-20 20:30:00+00:00;1708.76978;25.5478901;49.1447832;74.9844376;1747.68384;39.68125;-0.622360458
2018-08-20 20:40:00+00:00;1715.41589;25.5032593;48.9847135;75.0269236;1755.47474;39.6095078;0.328026598
2018-08-20 20:50:00+00:00;1721.55836;25.4699175;48.8078538;75.0403151;1747.76359;39.4750046;-1.188343802
2018-08-20 21:00:00+00:00;1719.146389;25.45126778;43.41543656;66.68936044;1757.757389;35.04166667;-0.077932944
2018-08-20 21:10:00+00:00;1720.610555;25.4200702;48.8511543;75.013336;1755.92993;39.375;-0.441132916
2018-08-20 21:20:00+00:00;1722.368878;25.35269078;43.35431167;66.66452056;1744.661667;34.96548444;-0.138664433
2018-08-20 21:30:00+00:00;1714.00228;25.3352169;48.7375648;74.990822;1747.4001;39.28125;0.390253439
2018-08-20 21:40:00+00:00;1696.26673;25.3169809;48.8065451;74.8787573;1734.54967;39.2358686;-0.072609895
2018-08-20 21:50:00+00:00;1720.23773;25.3057981;48.955085;74.8816914;1746.69803;39.1934822;-0.132804291
2018-08-20 22:00:00+00:00;1711.914285;25.2789796;49.0123351;74.8769259;1750.8575;39.1375061;-0.670163402
2018-08-20 22:10:00+00:00;1702.94653;25.2372838;49.0148474;74.8158425;1751.75076;39.125;0.280213186
2018-08-20 22:20:00+00:00;1714.08135;25.20568444;43.69001444;66.50088722;1742.511744;34.77777778;-0.781382504
2018-08-20 22:30:00+00:00;1723.08307;25.1924582;49.1783691;74.862852;1751.73854;39.125;0.612960137
2018-08-20 22:40:00+00:00;1721.825785;25.1994082;49.0314846;74.8680766;1753.29005;39.077797;-0.167002977
2018-08-20 22:50:00+00:00;1718.27047;25.18089;48.8779118;74.8863045;1757.57902;38.9560894;-0.27245144
2018-08-20 23:00:00+00:00;1720.52356;25.2261881;48.6927197;74.8845423;1749.49283;38.8378204;0.343031585
2018-08-20 23:10:00+00:00;1713.833095;25.2570825;48.5842838;74.902998;1753.08909;38.7860345;0.127946398
2018-08-20 23:20:00+00:00;1723.46834;25.234642;48.5446458;74.8708056;1753.88635;38.812944;-0.757218817
2018-08-20 23:30:00+00:00;1722.99921;25.2348963;48.5764759;74.8391668;1755.95263;38.8875;-0.361881989
2018-08-20 23:40:00+00:00;1719.024;25.2229564;48.4398739;74.8239231;1763.06357;38.9252454;0.146247546
2018-08-20 23:50:00+00:00;1715.118485;25.1758529;48.3480237;74.8382302;1751.83379;38.9184933;0.1808057
2018-08-21 00:00:00+00:00;1721.988942;25.1129785;48.2574327;74.8494701;1751.30809;38.80625;-0.543883781
2018-08-21 00:10:00+00:00;1713.883065;25.0808634;48.2024519;74.8410314;1746.40288;38.707342;-0.075700973
2018-08-21 00:20:00+00:00;1728.17925;25.0533146;48.1605538;74.797831;1749.32557;38.5939716;-1.35820563
2018-08-21 00:30:00+00:00;1719.38833;25.034208;48.271932;74.7812216;1756.7077;38.580377;-1.281213316
2018-08-21 00:40:00+00:00;1696.12872;25.0012651;48.5934076;74.7182044;1743.60012;38.6875;-1.296099183
2018-08-21 00:50:00+00:00;1722.76996;24.9989775;48.8373497;74.7142055;1749.81959;38.7375;-0.651292537
2018-08-21 01:00:00+00:00;1718.22426;25.0380629;48.9884377;74.7438734;1745.28575;38.7809348;-0.932584032
2018-08-21 01:10:00+00:00;1625.59478;25.0734434;49.2873966;74.4443114;1729.14078;38.855992;0.035664188
2018-08-21 01:20:00+00:00;1556.030635;25.1616843;49.4900566;74.1206391;1694.78311;38.9194163;0.059533389
2018-08-21 01:30:00+00:00;1551.885895;25.3352795;49.5511723;73.9078776;1673.87147;38.84375;0.676879418
2018-08-21 01:40:00+00:00;1627.235156;25.45491367;44.09587656;65.92041933;1724.4366;34.48554956;-0.910724138
2018-08-21 01:50:00+00:00;1446.096802;25.675636;44.00553956;65.273409;1678.292144;34.57638889;-1.137660254
2018-08-21 02:00:00+00:00;1705.114265;25.9386737;49.4340329;74.333579;1739.98615;39.0374088;-0.721568294
2018-08-21 02:10:00+00:00;1723.488805;26.123343;49.1054205;74.9031252;1750.77546;39.2877502;-1.215892558
2018-08-21 02:20:00+00:00;1731.79623;26.3349349;48.8107139;75.1737091;1753.09753;39.5965997;3.603651783
2018-08-21 02:30:00+00:00;1717.92565;26.5521315;48.464665;75.3306525;1754.12073;39.9247353;0.800667648
2018-08-21 02:40:00+00:00;1722.616455;26.5373505;48.1567008;75.4627369;1750.97513;40.243759;-0.949319313
2018-08-21 02:50:00+00:00;1726.303955;26.4689876;48.0378724;75.5801797;1753.77672;40.5062561;-0.036202307
2018-08-21 03:00:00+00:00;1724.40336;26.8581095;47.8871735;75.7059131;1749.23444;40.66875;0.873660059
2018-08-21 03:10:00+00:00;1718.90285;27.1625947;47.5380128;75.8759526;1751.28629;40.6875;-2.124340605
2018-08-21 03:20:00+00:00;1721.403945;27.1780663;47.2954995;75.9813721;1757.41337;40.7124996;0.143781381
2018-08-21 03:30:00+00:00;1718.835665;27.3637933;47.1279482;76.1991221;1749.1051;40.6936924;0.546332507
2018-08-21 03:40:00+00:00;1714.4626;27.4290859;46.9906271;76.2810642;1754.9934;40.7745445;-1.832975699
2018-08-21 03:50:00+00:00;1721.991225;27.8628312;46.900579;76.3390976;1751.41086;40.932339;0.061348546
2018-08-21 04:00:00+00:00;1727.566755;28.0272024;46.8065856;76.508737;1756.72083;41.1751442;0.556397532
2018-08-21 04:10:00+00:00;1714.81433;28.2427703;46.7468653;76.5507115;1758.31093;41.4375;-0.472237086
2018-08-21 04:20:00+00:00;1715.883028;28.47068356;41.50382856;68.161173;1756.547222;37.09760411;-0.697204115
2018-08-21 04:30:00+00:00;1724.08257;28.6350754;46.6771005;76.7260445;1755.29861;42.019002;1.079755185
2018-08-21 04:40:00+00:00;1707.599065;28.99691163;36.31911533;59.748079;1757.524838;32.84744333;1.083200483
2018-08-21 04:50:00+00:00;1726.901528;28.943361;46.690902;76.84625625;1748.930378;42.57925225;-0.649923726
2018-08-21 05:00:00+00:00;1722.63286;29.172445;46.6689725;76.9237606;1749.85144;42.8361706;-0.248426944
2018-08-21 05:10:00+00:00;1735.575715;29.3623596;46.6648307;76.9509396;1757.16078;43.078601;-0.935638553
2018-08-21 05:20:00+00:00;1722.77015;29.6095211;46.7218612;77.0567776;1750.08059;43.374326;-0.162012046
2018-08-21 05:30:00+00:00;1723.88663;29.5599029;46.7465073;77.192721;1757.054;43.60625;1.180901927
2018-08-21 05:40:00+00:00;1722.607135;29.7079273;46.7820314;77.294359;1751.04458;43.7498394;0.35248153
2018-08-21 05:50:00+00:00;1708.7868;29.7117495;46.8355853;77.2764389;1755.1226;43.8275715;-1.233743188
2018-08-21 06:00:00+00:00;1713.849567;30.17661311;41.62718989;68.728304;1753.050489;39.01356167;0.425986736
2018-08-21 06:10:00+00:00;1712.188425;30.3691903;46.9137002;77.418007;1757.52309;44.1;-0.194816023
2018-08-21 06:20:00+00:00;1713.546789;30.91919544;41.74017244;68.86089411;1757.029833;39.43779478;1.172069607
2018-08-21 06:30:00+00:00;1715.785625;30.8017234;46.9886268;77.551043;1752.33097;44.49375;-0.128138755
2018-08-21 06:40:00+00:00;1721.95519;30.8693368;46.9482668;77.5905761;1759.63501;44.625;-0.684268567
2018-08-21 06:50:00+00:00;1723.93495;31.0669398;47.0591319;77.6003266;1753.11865;44.7456835;-0.587219754
2018-08-21 07:10:00+00:00;1685.533383;31.3446573;46.9524747;74.8616361;1708.5124;45.3877548;1.221446049
2018-08-21 07:20:00+00:00;1719.440575;31.4655391;47.1283453;76.9163731;1756.20375;45.15;-0.725976705
2018-08-21 07:30:00+00:00;1720.31722;31.4585743;47.2702945;77.2511413;1756.87274;45.261525;1.065501595
2018-08-21 07:40:00+00:00;1721.1489;31.5747438;47.2678347;77.4295039;1750.72587;45.3634487;0.463479911
2018-08-21 07:50:00+00:00;1723.268115;31.680438;47.4572024;77.4668353;1747.74501;45.5441036;0.074812478
2018-08-21 08:00:00+00:00;1716.62587;31.9276933;47.5318524;77.5137849;1750.512;45.73064;-0.623966996
2018-08-21 08:10:00+00:00;1718.67255;31.85678589;42.8564091;69.7886411;1748.9752;41.275;2.395332268
2018-08-21 08:20:00+00:00;1719.363832;32.1024126;47.67928767;77.542168;1757.38375;46.00177589;0.486712379
2018-08-21 08:30:00+00:00;1711.173685;32.2712902;47.6854905;77.55515;1757.17197;46.1249939;2.072661769
2018-08-21 08:40:00+00:00;1709.283081;32.32293025;41.677827;67.90187;1753.665013;40.4140625;-1.07155657
2018-08-21 08:50:00+00:00;1713.52358;32.4319982;47.7174102;77.6498091;1759.67781;46.3187504;-1.978736272
2018-08-21 09:00:00+00:00;1714.224565;32.6786321;47.7885108;77.6666459;1749.11527;46.4870132;-0.195405734
2018-08-21 09:10:00+00:00;1718.89573;32.7726836;47.911751;77.7144995;1754.35402;46.6023594;1.487933872
2018-08-21 09:20:00+00:00;1714.04475;32.5878612;47.9534743;77.7672379;1749.97476;46.7439674;-0.998601224
2018-08-21 09:30:00+00:00;1716.92879;32.7568297;48.0142741;77.7910554;1751.39999;46.8161167;-0.408861075
2018-08-21 09:40:00+00:00;1719.171255;32.5342887;48.1457757;77.8135104;1753.14178;46.95;0.645889165
2018-08-21 09:50:00+00:00;1718.57548;32.726381;48.3386479;77.8331261;1757.1792;47.0314514;-0.351032795
2018-08-21 10:00:00+00:00;1725.943767;32.733151;43.6587889;70.0258305;1753.6902;42.3;0.663300846
2018-08-21 10:10:00+00:00;1723.100129;32.81823243;40.48033867;64.91185667;1756.378143;39.16666667;-2.935054198
2018-08-21 10:20:00+00:00;1713.19242;32.6419675;48.5287536;77.898757;1752.54675;47.0249893;-0.188644253
2018-08-21 10:30:00+00:00;1716.3662;32.4763062;48.5772;77.9019694;1759.50594;46.9875;-0.654145001
2018-08-21 10:40:00+00:00;1720.182475;32.4926581;48.6351706;77.879298;1754.32362;46.8930198;-0.774559082
2018-08-21 10:50:00+00:00;1718.71095;32.4129194;48.6114477;77.9288804;1751.44301;46.8188786;-0.258217911
2018-08-21 11:00:00+00:00;1710.346625;32.4526461;48.6545771;77.9112936;1757.92575;46.6869835;-1.385545553
2018-08-21 11:10:00+00:00;1727.330915;32.3939714;48.6950966;77.8784011;1754.93315;46.5374912;-1.326124668
2018-08-21 11:20:00+00:00;1713.103655;32.4227196;48.7508066;77.8321784;1755.94034;46.4563377;-0.010048822
2018-08-21 11:30:00+00:00;1715.237236;32.53407929;41.88572514;66.74129886;1752.314471;39.75892857;0.807038456
2018-08-21 11:40:00+00:00;1723.39956;32.5038868;48.8466482;77.8781904;1754.09573;46.3157555;-1.094415667
2018-08-21 11:50:00+00:00;1722.895215;32.4288801;48.8481512;77.8604544;1758.8253;46.281291;-0.824064963
2018-08-21 12:00:00+00:00;1715.4302;32.447008;48.9439926;77.842224;1755.84381;46.1894284;-1.114788172
2018-08-21 12:10:00+00:00;1718.232932;32.375368;44.0190194;70.0918111;1748.840089;41.4995865;-0.745592384
2018-08-21 12:20:00+00:00;1726.782079;32.11956814;48.97525767;77.83831917;1750.531814;45.96875;0.698815849
2018-08-21 12:30:00+00:00;1719.018406;32.01126578;44.1244996;70.0482213;1761.710133;41.2888912;0.983012754
2018-08-21 12:40:00+00:00;1721.655262;31.81340183;49.0254052;77.7813532;1755.920317;45.6879806;1.394012449
2018-08-21 12:50:00+00:00;1726.690365;31.5826157;49.129581;77.7079191;1755.69355;45.568515;0.011811567
2018-08-21 13:00:00+00:00;1715.095495;31.2611877;49.0649546;77.6510942;1757.49607;45.4062496;-0.045472008
2018-08-21 13:10:00+00:00;1714.007333;31.180048;42.02277514;66.50300857;1742.834317;38.79464286;-2.344271468
2018-08-21 13:20:00+00:00;1718.448429;31.03563511;49.15492788;77.5013285;1752.309722;45.015625;-1.035381091
2018-08-21 13:30:00+00:00;1726.288615;30.9046858;49.1910455;77.4718225;1761.27464;44.830959;-1.021894616
2018-08-21 13:40:00+00:00;1718.815883;30.847863;36.8808205;58.107699;1753.239633;33.515625;0.551581403
2018-08-21 13:50:00+00:00;1720.85254;30.65885743;49.26460883;77.31843133;1753.549357;44.52083333;0.47905738
2018-08-21 14:00:00+00:00;1714.572855;30.5484839;49.4494299;77.2181525;1748.3263;44.4500006;0.661025009
2018-08-21 14:10:00+00:00;1719.36654;30.2392216;49.6984329;77.2323145;1757.01436;44.3250107;-0.30367027
2018-08-21 14:20:00+00:00;1720.422515;29.9592805;49.7002835;77.1816101;1753.94567;44.1071726;-1.209278468
2018-08-21 14:30:00+00:00;1711.70617;29.7637778;49.8286355;77.0376974;1757.26937;43.9284973;-0.354872981
2018-08-21 14:40:00+00:00;1720.997635;29.6123368;50.0416149;76.9856442;1753.66019;43.8303993;-0.26089529
2018-08-21 14:50:00+00:00;1725.68362;29.4961019;50.0758518;76.9280875;1758.08659;43.6795696;-1.10678392
2018-08-21 15:00:00+00:00;1728.697267;29.448732;33.400581;51.26106667;1745.67615;29.05083467;0.635523567
2018-08-21 15:10:00+00:00;1718.255067;29.35856767;50.24854637;76.8425175;1757.036333;43.29888425;-0.624249424
2018-08-21 15:20:00+00:00;1715.885455;29.3220663;50.3265142;76.7912498;1750.02416;43.25;0.299783301
2018-08-21 15:30:00+00:00;1715.978155;29.2486558;50.4303423;76.738511;1756.45688;43.1812553;0.952952789
2018-08-21 15:40:00+00:00;1724.51352;29.1391561;50.2806587;76.7634663;1759.06965;42.9812607;-0.516163879
2018-08-21 15:50:00+00:00;1717.106205;28.87898;50.1322827;76.6597685;1744.68628;42.8565468;-0.870394354
2018-08-21 16:00:00+00:00;1711.97547;28.3934084;50.1608211;76.7330394;1756.9064;42.655325;-0.014631179
2018-08-21 16:10:00+00:00;1692.298405;28.11477567;45.1035419;69.0189709;1744.792;38.1880525;-0.281546548
2018-08-21 16:30:00+00:00;1718.7634;27.8222335;50.227024;76.56758;1770.0656;42;-1.64137354
2018-08-21 16:40:00+00:00;1721.509819;27.730075;50.2644751;76.5575034;1757.25142;41.925;0.508352297
2018-08-21 16:50:00+00:00;1714.584968;27.5726936;50.345604;76.5301342;1757.21883;41.7687572;-0.18360224
2018-08-21 17:00:00+00:00;1723.42473;27.4317846;50.1375568;76.432737;1745.93463;41.63698711;-0.361353452
2018-08-21 17:10:00+00:00;1715.723175;27.322065;50.1758675;76.2674573;1750.12446;41.57206327;0.209005706
2018-08-21 17:20:00+00:00;1505.698295;27.1883407;50.546093;75.7300898;1675.54636;41.5062504;-0.79444432
2018-08-21 17:30:00+00:00;1202.745052;27.039272;50.5129965;73.7246623;1567.1817;41.3750095;-0.892390038
2018-08-21 17:40:00+00:00;1512.727945;26.8836613;50.6328731;73.691945;1675.13904;41.0101093;-0.853290753
2018-08-21 17:50:00+00:00;1624.979065;26.7692184;50.918922;74.488522;1727.8279;40.77083667;0.414526587
2018-08-21 18:00:00+00:00;1658.73722;26.6885847;51.0590147;74.6273936;1730.88281;40.668762;0.228195051
2018-08-21 18:10:00+00:00;1727.212885;26.6396127;50.8819353;75.1042666;1757.13502;40.6162021;-0.172557004
2018-08-21 18:20:00+00:00;1717.36463;26.5487592;50.5594524;75.3499949;1753.38208;40.5499523;-0.591584182
2018-08-21 18:30:00+00:00;1720.334353;26.4342622;50.4799863;75.4293339;1742.26767;40.5131527;-0.228287277
2018-08-21 18:50:00+00:00;1721.5435;26.3083745;50.55042;75.51035;1762.96085;40.5625;-0.86183428
2018-08-21 19:00:00+00:00;1719.149195;26.2514124;50.4152488;75.5724179;1750.77545;40.4341171;-0.025830672
2018-08-21 19:10:00+00:00;1726.072775;26.2068329;50.2324366;75.6369702;1760.25679;40.2875;-0.063587746
2018-08-21 19:20:00+00:00;1718.741485;26.1303702;49.9817885;75.6536899;1752.09357;40.117204;0.065675214
2018-08-21 19:30:00+00:00;1720.663465;26.0888963;49.903287;75.6695425;1749.64017;40.0436283;-0.720717285
2018-08-21 19:40:00+00:00;1716.665615;26.0354937;49.9401129;75.6408184;1758.70855;40.0375;0.40678775
2018-08-21 19:50:00+00:00;1704.66203;25.9627926;50.1141798;75.5984299;1750.05389;40.0125;-0.548528755
2018-08-21 20:00:00+00:00;1628.864405;25.8795096;50.4135938;75.33495;1713.03489;40;-0.333968287
2018-08-21 20:10:00+00:00;1536.682915;25.7694124;50.6307385;74.6989625;1685.6799;39.936232;-0.698402408
2018-08-21 20:20:00+00:00;1672.288275;25.7022304;50.6865024;74.8209361;1736.05059;39.7749762;0.290692766
2018-08-21 20:30:00+00:00;1726.74427;25.6293506;50.4836934;75.153812;1759.47301;39.5774906;-1.123323837
2018-08-21 20:40:00+00:00;1720.35174;25.5298278;50.2580636;75.292685;1743.86594;39.461572;0.147063557
2018-08-21 20:50:00+00:00;1696.7094;25.444798;50.2086075;75.2322715;1740.994;39.436557;-0.955711524
2018-08-21 21:00:00+00:00;1647.523805;25.4063896;50.335122;75.1449029;1729.25211;39.4252396;0.405540509
2018-08-21 21:10:00+00:00;1595.56205;25.356557;50.4668025;74.752975;1712.45045;39.375;-2.044209
2018-08-21 21:40:00+00:00;1687.6329;25.13980533;50.418337;75.139445;1744.703067;38.875;0.201593934
2018-08-21 21:50:00+00:00;1681.079725;25.1175196;50.4024845;75.0864444;1741.24532;38.875;0.237606366
2018-08-21 22:00:00+00:00;1715.89906;25.08834833;37.81910475;56.415651;1764.296833;29.15625;0.411575394
2018-08-21 22:30:00+00:00;1187.973325;24.8495205;50.59592;73.42428;1577.53825;38.5625;0.274664635
2018-08-21 22:40:00+00:00;1465.10954;24.8795886;50.6218825;73.503764;1652.93081;38.4312576;-0.077013473
2018-08-21 22:50:00+00:00;1542.09447;24.9033794;50.691726;73.8273734;1687.75775;38.25;0.171457645
2018-08-21 23:00:00+00:00;1407.94573;24.8254855;50.6544758;73.4203915;1653.29065;38.1856907;-0.009313715
2018-08-21 23:10:00+00:00;1233.133523;24.78466033;50.45101183;72.51391983;1568.85275;38.101205;0.824589029
2018-08-22 00:20:00+00:00;1266.335944;24.8078138;50.41745925;72.3332875;1596.45638;37.46875;0.761747049
2018-08-22 00:30:00+00:00;1007.850336;24.7494239;50.0870207;71.1404495;1462.12351;37.378266;-1.189388639
2018-08-22 00:40:00+00:00;1267.652317;24.8034086;49.8093439;71.4794954;1572.17186;37.2573571;-0.252519721
2018-08-22 00:50:00+00:00;1407.499885;24.9460974;50.0504155;72.7560925;1641.02763;37.2061676;-0.73440315
2018-08-22 01:00:00+00:00;1479.861631;24.9927352;41.81978983;61.11414833;1666.49684;31.06250067;-0.776982912
2018-08-22 02:00:00+00:00;967.0035479;25.7434899;49.48800644;71.46263556;1463.44685;38.25;-0.770040286
2018-08-22 02:10:00+00:00;1252.975886;25.9620925;49.466901;72.7304885;1543.11993;38.3694557;0.612690523
2018-08-22 02:20:00+00:00;1193.205582;26.11925389;43.84062056;64.42609733;1567.913133;34.30555556;-0.122600933
2018-08-22 02:30:00+00:00;1503.317405;26.2702877;49.5244304;73.6898345;1670.63965;38.8820847;0.230361936
2018-08-22 02:40:00+00:00;1658.30757;26.4150388;49.700134;74.9484166;1729.11665;39.2872883;0.255984747
2018-08-22 02:50:00+00:00;1713.59906;26.5491334;49.5766432;75.9265126;1755.45104;39.7625;1.026045755
2018-08-22 03:00:00+00:00;1718.33209;26.6572262;49.3137112;76.5349364;1750.52849;40.225;0.051707388
2018-08-22 03:10:00+00:00;1721.832755;26.7421266;49.0232961;76.8992931;1756.33583;40.6351044;0.0200942
2018-08-22 03:20:00+00:00;1717.772195;26.9120637;48.7254267;77.0649761;1753.84397;41.0150185;0.421024437
2018-08-22 03:30:00+00:00;1727.71581;27.2993399;48.6466957;77.1221725;1751.34351;41.3380922;-1.088484969
2018-08-22 03:40:00+00:00;1712.82007;27.5655744;48.5971535;77.2757785;1749.95914;41.774993;-1.269585986
2018-08-22 03:50:00+00:00;1715.97831;27.5314627;48.5610637;77.488045;1753.93411;42.12517;-0.394052511
2018-08-22 04:00:00+00:00;1721.397725;27.6223349;48.3043718;77.6305961;1751.05864;42.3375;1.456502747
2018-08-22 04:10:00+00:00;1704.969533;27.90576256;42.884766;68.85534222;1755.899622;37.72222222;0.039862709
2018-08-22 04:20:00+00:00;1722.7489;28.2423857;48.0984469;77.2488756;1754.80341;42.5314512;1.04068395
2018-08-22 04:30:00+00:00;1718.780875;28.3778166;48.2463844;77.0258396;1747.4419;42.80625;0.728395411
2018-08-22 04:40:00+00:00;1699.579145;28.6871261;48.4336243;76.8800711;1747.58292;43.01875;-0.901221924
2018-08-22 04:50:00+00:00;1716.256335;29.0100677;48.520724;76.7802753;1759.71537;43.2931458;0.154999716
2018-08-22 05:00:00+00:00;1723.306105;29.1997642;48.6538261;76.7552196;1755.90201;43.531327;-0.316800622
2018-08-22 05:10:00+00:00;1716.034465;29.2867397;48.7462612;76.7589531;1748.0177;43.8119457;-0.653002607
2018-08-22 05:20:00+00:00;1720.13843;29.4683443;48.7839179;76.6564245;1729.22117;44.04375;-1.297214425
2018-08-22 05:30:00+00:00;1719.28885;29.60672489;48.82206511;76.70904711;1755.509189;44.18590856;0.804483602
2018-08-22 05:40:00+00:00;1715.476155;29.6428982;48.5418342;76.7355186;1753.39996;44.2753372;0.766502825
2018-08-22 05:50:00+00:00;1717.420644;30.17153833;43.20023611;68.17134667;1764.786978;39.47222267;0.324142915
2018-08-22 06:00:00+00:00;1722.651125;30.0772176;48.6665112;76.7416968;1747.12764;44.6;0.116573701
2018-08-22 06:10:00+00:00;1721.597869;30.39899188;36.40669938;57.56423175;1752.833088;33.5703125;-0.562946217
2018-08-22 06:20:00+00:00;1731.51792;30.4282521;48.4820593;76.7682529;1743.29109;44.9239002;-1.427531931
2018-08-22 06:30:00+00:00;1710.6327;30.290498;48.4993394;76.7944564;1749.5498;45.0749992;1.375106268
2018-08-22 06:40:00+00:00;1708.25946;30.4458167;48.6110869;76.7805744;1761.74394;45.257692;-1.739048282
2018-08-22 06:50:00+00:00;1724.979721;30.8144185;48.6434531;76.8696144;1748.71722;45.3337883;-0.572032911
2018-08-22 07:00:00+00:00;1720.82885;30.7960181;48.6916893;76.8686329;1755.94928;45.435954;1.184558545
2018-08-22 07:10:00+00:00;1713.694895;31.1005965;48.7386861;76.9020864;1754.51836;45.5;-0.030854208
2018-08-22 07:20:00+00:00;1721.01174;31.0661745;48.6793775;76.927068;1755.38097;45.618955;-1.86104086
2018-08-22 07:30:00+00:00;1714.38299;31.2893878;48.666366;76.9559205;1757.64148;45.7125423;-2.603380783
2018-08-22 07:40:00+00:00;1711.41645;31.4002699;48.6822893;77.001921;1745.65388;45.7936409;-1.124973486
2018-08-22 07:50:00+00:00;1722.969744;31.56233644;43.352409;68.51038967;1750.481189;40.77083333;1.298525665
2018-08-22 08:00:00+00:00;1728.00632;32.1736075;44.40163836;70.08738827;1760.69795;41.78579155;-0.185737997
2018-08-22 08:10:00+00:00;1725.632722;32.05003689;48.949425;77.14258875;1757.2276;46.203125;0.561827755
2018-08-22 08:20:00+00:00;1717.167525;31.8960734;49.1228629;77.2188548;1751.13087;46.3801777;0.010903723
2018-08-22 08:30:00+00:00;1720.288775;31.6521586;48.9887812;77.3003989;1755.56133;46.4687326;-0.211144804
2018-08-22 08:40:00+00:00;1722.89332;31.8766582;49.0865539;77.3030011;1748.26852;46.51875;0.67448802
2018-08-22 08:50:00+00:00;1714.51243;31.6771406;49.2064671;77.3212794;1754.24206;46.587319;-0.231606618
2018-08-22 09:00:00+00:00;1722.007739;31.995286;43.82938189;68.75899022;1749.230933;41.43055556;0.607849617
2018-08-22 09:10:00+00:00;1707.28779;32.0321038;49.4315177;77.3596132;1759.50657;46.6499996;-0.71530285
2018-08-22 09:20:00+00:00;1726.193215;31.7594936;49.5240921;77.41371;1751.07444;46.7125;-0.766625855
2018-08-22 09:30:00+00:00;1713.929495;31.9096593;49.5460065;77.4119565;1768.39264;46.689892;0.404577765
2018-08-22 09:40:00+00:00;1713.395895;32.037122;49.6416041;77.4085171;1764.20033;46.66477273;-0.430952109
2018-08-22 09:50:00+00:00;1715.77185;31.9249613;49.6974349;77.490433;1751.37673;46.625;0.485357207
2018-08-22 10:00:00+00:00;1703.965183;32.14269444;44.13864222;68.80569111;1746.757589;41.44606967;-0.631505393
2018-08-22 10:10:00+00:00;1714.609965;32.2308622;49.9077489;77.4594654;1761.25394;46.6875;0.355060511
2018-08-22 10:20:00+00:00;1662.637585;32.4266489;50.2139246;77.333331;1723.51374;46.78125;0.047276768
2018-08-22 10:30:00+00:00;1667.330005;32.4776625;50.3516349;77.2993624;1735.92943;46.887735;-1.243472302
2018-08-22 10:40:00+00:00;1721.26718;32.3119738;50.4728476;77.3796546;1747.18684;46.9375;-2.020756618
2018-08-22 10:50:00+00:00;1714.80587;32.3684393;50.4458555;77.5389163;1739.47991;46.9375;0.0722075
2018-08-22 11:00:00+00:00;1721.725965;32.3320095;50.3969771;77.5467974;1737.98317;46.9611347;1.208853342
2018-08-22 11:10:00+00:00;1701.87634;32.4730029;50.5673184;77.5296265;1757.48581;46.9819744;0.678096963
2018-08-22 11:20:00+00:00;1707.686339;32.66929856;45.13489556;68.92679333;1747.416422;41.77777778;-0.817433164
2018-08-22 11:30:00+00:00;1686.821225;32.7211298;50.7040964;77.5630479;1748.822;46.9562496;-0.899828216
2018-08-22 11:40:00+00:00;1714.255985;32.7593012;50.7584689;77.5989667;1756.02652;47.0321976;-0.872866745
2018-08-22 11:50:00+00:00;1716.961375;32.5781642;50.6893624;77.711063;1753.29927;46.9370846;-1.405974364
2018-08-22 12:00:00+00:00;1720.908182;32.63805478;44.96655322;69.04237067;1757.163244;41.65842667;0.563751657
2018-08-22 12:10:00+00:00;1666.22279;32.6284782;50.8518727;77.5355685;1743.43437;46.875;-0.694515935
2018-08-22 12:20:00+00:00;1668.02166;32.4256141;51.1654518;77.4171609;1742.98723;46.8482677;0.086953662
2018-08-22 12:30:00+00:00;1723.903595;32.3155732;51.2839691;77.5329544;1762.94842;46.7876205;0.022540366
2018-08-22 12:40:00+00:00;1715.616545;32.1255326;51.2918121;77.573752;1756.98256;46.6687496;-0.270748271
2018-08-22 12:50:00+00:00;1724.618865;32.0740373;51.1766264;77.5135729;1766.90059;46.58125;-0.263885127
2018-08-22 13:00:00+00:00;1723.712953;32.084011;44.87540763;67.85880625;1745.54225;40.66314413;-0.491306888
2018-08-22 13:10:00+00:00;1722.069295;31.9599189;51.3934961;77.5429434;1770.11491;46.3626972;0.459167575
2018-08-22 13:20:00+00:00;1719.55462;31.6836717;51.2654138;77.6164586;1755.95612;46.21875;-0.278709035
2018-08-22 13:30:00+00:00;1721.60643;30.7182806;50.7171747;77.7022626;1755.46935;45.7499036;-0.03523407
2018-08-22 13:40:00+00:00;1721.145855;30.5253802;50.5154715;77.6111664;1748.06657;45.287284;1.690311125
2018-08-22 13:50:00+00:00;1720.08755;30.4459538;50.6000333;77.5106745;1761.15918;45.0187663;-0.964031156
2018-08-22 14:00:00+00:00;1682.149645;30.3755855;50.8239151;77.3574873;1740.75468;44.8690026;-0.328352748
2018-08-22 14:10:00+00:00;1615.371555;30.3185482;51.2403925;77.0530906;1719.10876;44.7363095;-0.291697013
2018-08-22 14:20:00+00:00;1268.649042;30.38936311;45.76608156;67.64673044;1589.364022;39.67342889;-0.438183585
2018-08-22 14:30:00+00:00;1189.320537;30.4340077;51.2423799;74.3431046;1573.3616;44.3247326;-0.595841814
2018-08-22 14:40:00+00:00;1709.945205;30.4145206;51.4126396;76.0016175;1759.16514;43.9935528;-1.411617144
2018-08-22 14:50:00+00:00;1714.38674;30.1832153;51.3877168;76.57513;1762.52359;43.9375;0.736150606
2018-08-22 15:00:00+00:00;1724.553615;30.0408768;51.2187517;76.7988332;1753.11187;43.893949;-1.038434359
2018-08-22 15:10:00+00:00;1715.962253;29.88029586;43.76538071;65.92017114;1751.970929;37.55357143;0.076899852
2018-08-22 16:20:00+00:00;1710.5029;28.856291;50.425144;76.995855;1736.08665;43;0.716845558
2018-08-22 18:50:00+00:00;1724.6517;26.38340888;49.12903363;76.06919125;1756.195088;40.6015625;0.770452844
2018-08-22 19:00:00+00:00;1711.164055;26.3547905;49.2027141;75.9922045;1746.55354;40.4665181;0.352289764
2018-08-22 19:10:00+00:00;1713.25234;26.2848419;49.2250823;75.9190475;1746.28127;40.3875;0.188043228
2018-08-22 19:20:00+00:00;1684.8771;26.1910026;49.3763995;75.7658085;1743.10503;40.3187565;-0.417646763
2018-08-22 19:30:00+00:00;1544.10784;26.0813016;49.8415819;75.1046854;1710.35679;40.3687504;-0.287889455
2018-08-22 19:40:00+00:00;1688.01508;26.0114326;50.0877024;75.0262889;1758.24145;40.3238109;-0.023668877
2018-08-22 19:50:00+00:00;1714.893535;25.954594;50.1516104;75.2156317;1764.15298;40.2309994;-0.268633305
2018-08-22 20:00:00+00:00;1717.44054;25.9340482;50.0585876;75.2851245;1762.44623;40.175172;-0.566667185
2018-08-22 20:10:00+00:00;1718.343775;25.9023079;49.9666818;75.294557;1755.47924;40.1125;-0.918775895
2018-08-22 20:20:00+00:00;1721.40437;25.8516935;49.8640095;75.3008706;1749.1244;40.01875;-0.533769913
2018-08-22 20:30:00+00:00;1720.660685;25.7996701;49.7970709;75.2927335;1755.33739;39.950266;-0.395792325
2018-08-22 20:40:00+00:00;1718.303089;25.7528958;39.7950032;60.237221;1744.005;31.8875;-0.651961778
2018-08-22 20:50:00+00:00;1723.117427;25.6996348;41.37228367;62.711335;1761.1468;33.125;0.441105391
2018-08-22 21:00:00+00:00;1713.432232;25.59860622;49.5630475;75.1871625;1756.254511;39.71834863;0.557198834
2018-08-22 21:10:00+00:00;1720.3359;25.5151431;49.758696;75.1239755;1749.86219;39.7749996;0.549885139
2018-08-22 21:20:00+00:00;1714.01626;25.4563822;49.6507764;75.1041545;1754.53244;39.724996;-0.144849174
2018-08-22 21:30:00+00:00;1721.428725;25.3911371;49.5762772;75.0840069;1749.92245;39.6438057;-0.230867098
2018-08-22 21:40:00+00:00;1660.13536;25.3138779;49.7611101;74.8878484;1745.33679;39.619004;1.280053724
2018-08-22 21:50:00+00:00;1663.74833;25.2477377;49.8998141;74.706073;1738.87951;39.5726204;0.567970682
2018-08-22 22:00:00+00:00;1717.606995;25.1690689;49.8526969;74.8532958;1763.73316;39.4572422;0.327492928
2018-08-22 22:10:00+00:00;1712.743475;25.1258967;49.7397484;74.9212815;1751.29659;39.3562722;-1.193050553
2018-08-22 22:20:00+00:00;1728.104065;25.0596423;49.6602129;75.006236;1752.81672;39.2374924;-0.699934632
2018-08-22 22:30:00+00:00;1721.916735;25.0189673;49.6771075;75.0628804;1751.20094;39.1436787;0.518244317
2018-08-22 22:40:00+00:00;1717.902618;25.05069678;44.6414983;67.5684284;1753.667633;35.2103096;-0.328733213
2018-08-22 22:50:00+00:00;1697.970425;24.972971;49.8037;74.931496;1758.445;39.0625;-0.14527815
2018-08-22 23:00:00+00:00;1650.919925;24.9650276;49.9377612;74.8286161;1735.33484;39.0745858;-1.582093206
2018-08-22 23:10:00+00:00;1643.16427;24.9565;50.1148005;74.6010761;1731.02273;39.0338688;0.631677375
2018-08-22 23:20:00+00:00;1721.410574;24.9623735;50.1183516;74.7451334;1752.46592;38.9375;0.180678037
2018-08-22 23:30:00+00:00;1671.829735;24.9222749;50.1820267;74.726283;1725.48492;38.9375;0.614751638
2018-08-22 23:40:00+00:00;1623.937525;24.8817862;50.3794953;74.3921855;1715.8034;38.885833;-0.436190412
2018-08-22 23:50:00+00:00;1730.7689;24.931855;33.61357367;49.76468667;1744.1624;25.91666667;1.072007126
